a,aaaactgaatatctacggtcgctatgccctccgcacgttttggatacggctttttcgcgg,0.001,59
aaaaa,aaaactgaatatctacggtcgctatgccctccgcacgttttggatacggctttttcgcgg,0.003,55
aaaaaaaaaa,aaaactgaatatctacggtcgctatgccctccgcacgttttggatacggctttttcgcgg,0.007,50
aaaaaaaaaaaaaaa,gccatcagtactcaacaatatgaatacgggtgagtatctgtaacctcacctggaagagtg,0.009,45
aaaaaaaaaaaaaaaaaaaa,aactttagacaaaccagatataggtgtgctaatcccaaatcctgatcacagcccacattg,0.012,40
aaaaaaaaaaaaaaaaaaaaaaaaa,aaaccccatttcatgaataaaatacaatattttggcctatcttcaaaaagaatcagcgca,0.015,35
aaaaaaaaaaaaaaaaaaaaaaaaaaaaaa,aaaccccatttcatgaataaaatacaatattttggcctatcttcaaaaagaatcagcgca,0.019,35
aaaaaaaaaaaaaaaaaaaaaaaaaaaaaaaaaaa,aaaccccatttcatgaataaaatacaatattttggcctatcttcaaaaagaatcagcgca,0.02,35
aaaaaaaaaaaaaaaaaaaaaaaaaaaaaaaaaaaaaaaa,aaaccccatttcatgaataaaatacaatattttggcctatcttcaaaaagaatcagcgca,0.025,35
aaaaaaaaaaaaaaaaaaaaaaaaaaaaaaaaaaaaaaaaaaaaa,aaaccccatttcatgaataaaatacaatattttggcctatcttcaaaaagaatcagcgca,0.026,35
aaaaaaaaaaaaaaaaaaaaaaaaaaaaaaaaaaaaaaaaaaaaaaaaaa,aaaccccatttcatgaataaaatacaatattttggcctatcttcaaaaagaatcagcgca,0.028,35
aaaaaaaaaaaaaaaaaaaaaaaaaaaaaaaaaaaaaaaaaaaaaaaaaaaaaaa,aaaccccatttcatgaataaaatacaatattttggcctatcttcaaaaagaatcagcgca,0.031,35
aaaaaaaaaaaaaaaaaaaaaaaaaaaaaaaaaaaaaaaaaaaaaaaaaaaaaaaaaaaa,aaaccccatttcatgaataaaatacaatattttggcctatcttcaaaaagaatcagcgca,0.034,35
aaaaaaaaaaaaaaaaaaaaaaaaaaaaaaaaaaaaaaaaaaaaaaaaaaaaaaaaaaaaaaaaa,aaaccccatttcatgaataaaatacaatattttggcctatcttcaaaaagaatcagcgca,0.037,40
aaaaaaaaaaaaaaaaaaaaaaaaaaaaaaaaaaaaaaaaaaaaaaaaaaaaaaaaaaaaaaaaaaaaaa,aaaccccatttcatgaataaaatacaatattttggcctatcttcaaaaagaatcagcgca,0.065,45
aaaaaaaaaaaaaaaaaaaaaaaaaaaaaaaaaaaaaaaaaaaaaaaaaaaaaaaaaaaaaaaaaaaaaaaaaaa,aaaccccatttcatgaataaaatacaatattttggcctatcttcaaaaagaatcagcgca,0.042,50
aaaaaaaaaaaaaaaaaaaaaaaaaaaaaaaaaaaaaaaaaaaaaaaaaaaaaaaaaaaaaaaaaaaaaaaaaaaaaaaa,aaaccccatttcatgaataaaatacaatattttggcctatcttcaaaaagaatcagcgca,0.046,55
